ball,bank,die_row,die_col,pio,dqs_group,special_function
A10,0,0,63,A,,PCLKT0_1
A11,0,0,63,B,,PCLKC0_1
A12,1,0,76,A,,
A13,1,0,76,B,,
A14,1,0,83,A,,
A15,1,0,103,A,,
A16,1,0,110,A,,
A17,1,0,116,A,,
A18,1,0,119,A,,
A19,1,0,121,A,,URC_GPLL1T_IN
A2,7,35,0,A,LDQ41,
A3,7,14,0,C,LDQ17,
A4,7,11,0,A,LDQ17,ULC_GPLL0T_IN
A5,7,11,0,B,LDQ17,ULC_GPLL0C_IN
A6,0,0,4,A,,ULC_GPLL1T_IN
A7,0,0,18,A,,
A8,0,0,18,B,,
A9,0,0,60,A,,GR_PCLK0_1
B1,7,35,0,B,LDQ41,
B10,0,0,60,B,,GR_PCLK0_0
B11,0,0,65,A,,PCLKT0_0
B12,1,0,71,A,,PCLKT1_0
B13,1,0,78,A,,
B15,1,0,105,A,,
B16,1,0,110,B,,
B17,1,0,114,A,,
B18,1,0,116,B,,
B19,1,0,119,B,,
B2,7,35,0,C,LDQ41,VREF1_7
B20,1,0,121,B,,URC_GPLL1C_IN
B3,7,14,0,D,LDQ17,
B4,7,14,0,B,LDQ17,
B5,7,11,0,C,LDQ17,
B6,0,0,4,B,,ULC_GPLL1C_IN
B8,0,0,15,B,,
B9,0,0,58,A,,
C1,7,38,0,A,LDQ41,
C10,0,0,58,B,,
C11,0,0,65,B,,PCLKC0_0
C12,1,0,71,B,,PCLKC1_0
C13,1,0,78,B,,
C14,1,0,83,B,,
C15,1,0,105,B,,
C16,1,0,112,A,,
C17,1,0,114,B,,
C18,2,11,126,A,RDQ17,URC_GPLL0T_IN
C2,7,35,0,D,LDQ41,
C20,2,35,126,A,RDQ41,
C3,7,17,0,C,LDQ17,
C4,7,14,0,A,LDQ17,
C5,7,11,0,D,LDQ17,
C6,0,0,11,A,,
C7,0,0,11,B,,
C8,0,0,15,A,,
C9,0,0,54,A,,
D1,7,38,0,B,LDQ41,
D10,0,0,56,A,,
D11,1,0,69,A,,PCLKT1_1
D12,1,0,74,A,,GR_PCLK1_0
D13,1,0,80,A,,
D14,1,0,85,A,,
D15,1,0,107,A,,
D16,1,0,112,B,,
D17,2,11,126,B,RDQ17,URC_GPLL0C_IN
D18,2,14,126,A,RDQ17,
D19,2,35,126,B,RDQ41,
D2,7,38,0,C,LDQ41,
D20,2,35,126,C,RDQ41,VREF1_2
D3,7,17,0,D,LDQ17,
D5,7,17,0,B,LDQSN17,
D6,0,0,6,B,,
D7,0,0,9,B,,
D8,0,0,13,B,,
D9,0,0,20,A,,
E1,7,38,0,D,LDQ41,
E10,0,0,56,B,,
E11,1,0,69,B,,PCLKC1_1
E12,1,0,74,B,,GR_PCLK1_1
E13,1,0,80,B,,
E14,1,0,85,B,,
E15,1,0,107,B,,
E16,2,11,126,C,RDQ17,
E17,2,14,126,B,RDQ17,
E18,2,14,126,C,RDQ17,
E19,2,35,126,D,RDQ41,
E2,7,44,0,D,LDQ41,PCLKC7_0
E20,2,38,126,A,RDQ41,
E3,7,20,0,B,LDQ17,
E4,7,17,0,A,LDQS17,
E5,7,20,0,C,LDQ17,
E6,0,0,6,A,,
E7,0,0,9,A,,
E8,0,0,13,A,,
E9,0,0,20,B,,
F1,6,47,0,B,LDQ53,PCLKC6_1
F16,2,11,126,D,RDQ17,
F17,2,17,126,A,RDQS17,
F18,2,14,126,D,RDQ17,
F19,2,38,126,B,RDQ41,
F2,7,44,0,C,LDQ41,PCLKT7_0
F20,2,38,126,C,RDQ41,
F3,7,44,0,B,LDQ41,PCLKC7_1
F4,7,20,0,A,LDQ17,
F5,7,20,0,D,LDQ17,
G1,6,47,0,D,LDQ53,PCLKC6_0
G16,2,17,126,C,RDQ17,
G18,2,17,126,B,RDQSN17,
G19,2,41,126,A,RDQS41,GR_PCLK2_1
G2,6,47,0,A,LDQ53,PCLKT6_1
G20,2,38,126,D,RDQ41,
G3,7,44,0,A,LDQ41,PCLKT7_1
G5,7,41,0,B,LDQSN41,
H1,6,53,0,C,LDQ53,
H16,2,17,126,D,RDQ17,
H17,2,20,126,B,RDQ17,
H18,2,20,126,A,RDQ17,
H2,6,47,0,C,LDQ53,PCLKT6_0
H20,2,41,126,B,RDQSN41,
H3,7,41,0,D,LDQ41,
H4,7,41,0,A,LDQS41,GR_PCLK7_1
H5,7,41,0,C,LDQ41,GR_PCLK7_0
J1,6,53,0,B,LDQSN53,
J16,2,20,126,D,RDQ17,
J17,2,20,126,C,RDQ17,
J18,2,41,126,C,RDQ41,GR_PCLK2_0
J19,2,44,126,A,RDQ41,PCLKT2_1
J20,2,44,126,C,RDQ41,PCLKT2_0
J3,6,50,0,C,LDQ53,GR_PCLK6_1
J4,6,50,0,A,LDQ53,GR_PCLK6_0
J5,6,50,0,B,LDQ53,
K1,6,53,0,D,LDQ53,
K16,2,29,126,A,RDQS29,
K17,2,29,126,B,RDQSN29,
K18,2,41,126,D,RDQ41,
K19,2,44,126,B,RDQ41,PCLKC2_1
K2,6,53,0,A,LDQS53,
K20,2,44,126,D,RDQ41,PCLKC2_0
K3,6,50,0,D,LDQ53,
K4,6,56,0,A,LDQ53,
K5,6,56,0,B,LDQ53,VREF1_6
L1,6,89,0,C,LDQ89,
L16,3,50,126,A,RDQ53,GR_PCLK3_0
L17,3,50,126,B,RDQ53,
L18,3,50,126,C,RDQ53,GR_PCLK3_1
L19,3,47,126,C,RDQ53,PCLKT3_0
L2,6,86,0,D,LDQ89,
L20,3,47,126,A,RDQ53,PCLKT3_1
L3,6,86,0,C,LDQ89,
L4,6,56,0,C,LDQ53,
L5,6,56,0,D,LDQ53,
M1,6,89,0,B,LDQSN89,
M17,3,53,126,B,RDQSN53,
M18,3,50,126,D,RDQ53,
M19,3,47,126,D,RDQ53,PCLKC3_0
M20,3,47,126,B,RDQ53,PCLKC3_1
M3,6,86,0,B,LDQ89,
M4,6,83,0,A,LDQ89,
M5,6,77,0,A,LDQS77,
N1,6,89,0,D,LDQ89,
N16,3,53,126,A,RDQS53,
N17,3,56,126,A,RDQ53,
N18,3,53,126,C,RDQ53,
N19,3,83,126,A,RDQ89,
N2,6,89,0,A,LDQS89,
N20,3,83,126,B,RDQ89,
N3,6,86,0,A,LDQ89,
N4,6,83,0,C,LDQ89,
N5,6,83,0,B,LDQ89,
P1,6,92,0,A,LDQ89,
P16,3,56,126,B,RDQ53,VREF1_3
P17,3,53,126,D,RDQ53,
P18,3,83,126,D,RDQ89,
P19,3,83,126,C,RDQ89,
P2,6,92,0,B,LDQ89,
P20,3,86,126,A,RDQ89,
P3,6,92,0,C,LDQ89,LLC_GPLL0T_IN
P4,6,92,0,D,LDQ89,LLC_GPLL0C_IN
P5,6,83,0,D,LDQ89,
R1,8,95,4,A,,D7/IO7
R16,3,56,126,C,RDQ53,
R17,3,56,126,D,RDQ53,
R18,3,89,126,B,RDQSN89,
R2,8,95,15,A,,HOLDN/DI/BUSY/CSSPIN/CEN
R20,3,86,126,B,RDQ89,
R3,8,95,15,B,,DOUT/CSON
T1,8,95,4,B,,D6/IO6
T16,3,77,126,A,RDQS77,
T17,3,92,126,D,RDQ89,LRC_GPLL0C_IN
T18,3,89,126,D,RDQ89,
T19,3,89,126,A,RDQS89,
T2,8,95,13,A,,SN/CSN
T20,3,86,126,C,RDQ89,
T3,8,95,18,A,,WRITEN
U1,8,95,6,A,,D5/MISO2/IO5
U16,3,92,126,C,RDQ89,LRC_GPLL0T_IN
U17,3,92,126,B,RDQ89,
U18,3,92,126,A,RDQ89,
U19,3,89,126,C,RDQ89,
U2,8,95,13,B,,CS1N
U20,3,86,126,D,RDQ89,
V1,8,95,6,B,,D4/MOSI2/IO4
V2,8,95,11,A,,D1/MISO/IO1
W1,8,95,9,A,,D3/IO3
W2,8,95,11,B,,D0/MOSI/IO0
Y2,8,95,9,B,,D2/IO2
